Park,User,Rating,Review
Mill Creek Greenway,Henry,3,Amazing trails and scenery!
Mill Creek Greenway,Ethan,2,Nice open fields for playing sports.
Mill Creek Greenway,William,2,A wonderful hidden gem in the city!
Mill Creek Greenway,Liam,1,Great spot for yoga in the mornings.
Mill Creek Greenway,Evelyn,2,Great for a morning jog.
Mill Creek Greenway,Noah,1,Perfect for a date or casual walk.
Mill Creek Greenway,Harper,1,Some trails are overgrown and not well-maintained.
Mill Creek Greenway,Elijah,4,Needs more shaded areas for hot days.
Mill Creek Greenway,John,4,Nice open fields for playing sports.
Mill Creek Greenway,Michael,2,Lots of friendly people walking their dogs.
Mill Creek Greenway,Henry,4,Beautiful and peaceful place!
Mill Creek Greenway,Noah,5,A little crowded on weekends.
Mill Creek Greenway,Sophia,3,Nice place but could use better maintenance.
Mill Creek Greenway,Daniel,3,"Signage could be improved, hard to navigate."
Mill Creek Greenway,Elijah,1,"Bugs everywhere, bring lots of repellent."
Mill Creek Greenway,Sophia,2,A peaceful getaway not too far from town.
Mill Creek Greenway,Ethan,5,Nice place but parking is limited.
Mill Creek Greenway,Emily,2,Not enough seating areas.
Mill Creek Greenway,Abigail,2,Water fountains are broken or missing.
Mill Creek Greenway,Abigail,2,"Some areas feel unsafe, needs better security."
Mill Creek Greenway,Liam,3,Some trails are overgrown and not well-maintained.
Mill Creek Greenway,Noah,4,Very clean and safe environment.
Mill Creek Greenway,John,3,"Bugs everywhere, bring lots of repellent."
Mill Creek Greenway,Michael,5,Would be better if there were more trees for shade.
Mill Creek Greenway,Evelyn,4,The trees provide great shade on hot days.
Mill Creek Greenway,Daniel,2,Would be better if there were more trees for shade.
Mill Creek Greenway,Elijah,4,Nice open fields for playing sports.
Mill Creek Greenway,Michael,5,One of the best parks I’ve visited!
Mill Creek Greenway,Liam,3,Love coming here to read and relax.
Mill Creek Greenway,Evelyn,4,Not enough space for larger group gatherings.
Mill Creek Greenway,Evelyn,2,Loved the walking paths!
Mill Creek Greenway,Benjamin,5,Lots of friendly people walking their dogs.
Mill Creek Greenway,Lucas,2,Amazing trails and scenery!
Mill Creek Greenway,Daniel,1,The park can get muddy after rain.
Mill Creek Greenway,William,1,Not a lot of activities for kids.
Mill Creek Greenway,Elijah,5,Not enough space for larger group gatherings.
Mill Creek Greenway,Liam,5,Lots of friendly people walking their dogs.
Mill Creek Greenway,Elijah,1,Beautiful and peaceful place!
Mill Creek Greenway,Ella,4,Some trails are overgrown and not well-maintained.
Mill Creek Greenway,Benjamin,1,One of the best parks I’ve visited!
Mill Creek Greenway,Liam,4,Perfect for picnics with family.
Mill Creek Greenway,Amelia,4,It’s a great place to meditate and reflect.
Mill Creek Greenway,Henry,2,More trash cans would help keep it cleaner.
Mill Creek Greenway,Ella,2,"The lake water looks dirty, not well-maintained."
Mill Creek Greenway,Ella,2,Nice open fields for playing sports.
Mill Creek Greenway,Alice,1,Fantastic running trails!
Mill Creek Greenway,Abigail,2,More trash cans would help keep it cleaner.
Mill Creek Greenway,William,3,Great place for biking and running!
Mill Creek Greenway,Henry,3,"Some areas feel unsafe, needs better security."
Mill Creek Greenway,Emily,3,"Too many mosquitoes, hard to enjoy."
Smith Springs Park,Emma,3,Loved the walking paths!
Smith Springs Park,Lucas,5,The sunset view here is stunning!
Smith Springs Park,Mia,2,"The park is huge, lots to explore!"
Smith Springs Park,Ethan,3,Nice place but parking is limited.
Smith Springs Park,Harper,2,The playground is fun for kids.
Smith Springs Park,Ava,4,Nice open fields for playing sports.
Smith Springs Park,Liam,4,The park can get muddy after rain.
Smith Springs Park,Noah,5,"Bugs everywhere, bring lots of repellent."
Smith Springs Park,Liam,4,The picnic tables are old and worn down.
Smith Springs Park,Charlotte,2,Needs more shaded areas for hot days.
Smith Springs Park,Ethan,1,The playground is fun for kids.
Smith Springs Park,James,4,The trees provide great shade on hot days.
Smith Springs Park,Liam,2,Hard to find parking during peak hours.
Smith Springs Park,Noah,3,"Too noisy, not as peaceful as expected."
Smith Springs Park,Abigail,5,Best place for an afternoon stroll.
Smith Springs Park,Liam,2,Wish they had more food vendors.
Smith Springs Park,Lucas,4,Love coming here to read and relax.
Smith Springs Park,James,1,"The lake water looks dirty, not well-maintained."
Smith Springs Park,Ava,1,Too many unleashed dogs running around.
Smith Springs Park,Henry,5,"Too many mosquitoes, hard to enjoy."
Smith Springs Park,Daniel,4,Water fountains are broken or missing.
Smith Springs Park,Emily,1,Loved the walking paths!
Smith Springs Park,Lucas,2,Nice open fields for playing sports.
Smith Springs Park,Ella,4,Not a lot of activities for kids.
Smith Springs Park,William,2,The picnic tables are old and worn down.
Smith Springs Park,Emma,2,Great place for biking and running!
Smith Springs Park,Benjamin,2,"Too noisy, not as peaceful as expected."
Smith Springs Park,Liam,3,A little crowded on weekends.
Smith Springs Park,Ella,2,"Too many mosquitoes, hard to enjoy."
Smith Springs Park,Mia,4,The staff does a great job maintaining the park.
Smith Springs Park,Emma,3,Not enough space for larger group gatherings.
Smith Springs Park,William,5,"The lake water looks dirty, not well-maintained."
Smith Springs Park,Noah,3,A wonderful hidden gem in the city!
Smith Springs Park,Benjamin,5,The restrooms need more maintenance.
Smith Springs Park,Harper,3,Great spot for yoga in the mornings.
Smith Springs Park,Ethan,1,"Some areas feel unsafe, needs better security."
Smith Springs Park,James,1,Amazing trails and scenery!
Smith Springs Park,Henry,3,Great spot for a weekend picnic with friends.
Smith Springs Park,Elijah,5,Friendly people and a relaxing atmosphere.
Smith Springs Park,Isabella,5,Would be better if there were more trees for shade.
Smith Springs Park,Liam,2,Fantastic running trails!
Smith Springs Park,Henry,1,"Bugs everywhere, bring lots of repellent."
Smith Springs Park,Benjamin,5,A peaceful getaway not too far from town.
Smith Springs Park,Michael,3,Best place for an afternoon stroll.
Smith Springs Park,Ava,1,Nice place but could use better maintenance.
Smith Springs Park,Daniel,2,Not a lot of activities for kids.
Smith Springs Park,Harper,4,Beautiful and peaceful place!
Smith Springs Park,Ethan,4,Nice place but could use better maintenance.
Smith Springs Park,Elijah,5,"Lots of wildlife, great for bird watchers."
Smith Springs Park,John,4,Great for a morning jog.
Seven Mile Creek Park,Lucas,3,Love coming here to read and relax.
Seven Mile Creek Park,Mia,5,"Lots of wildlife, great for bird watchers."
Seven Mile Creek Park,Alice,4,Friendly people and a relaxing atmosphere.
Seven Mile Creek Park,Isabella,4,Loved the walking paths!
Seven Mile Creek Park,John,1,Could use better lighting at night.
Seven Mile Creek Park,Emma,1,"Signage could be improved, hard to navigate."
Seven Mile Creek Park,Amelia,3,"The park is huge, lots to explore!"
Seven Mile Creek Park,Henry,3,Would be better if there were more trees for shade.
Seven Mile Creek Park,Lucas,5,Great place for biking and running!
Seven Mile Creek Park,Alexander,1,Not enough seating areas.
Seven Mile Creek Park,Benjamin,3,Feels safe and well-lit at night.
Seven Mile Creek Park,Mia,3,"Lots of wildlife, great for bird watchers."
Seven Mile Creek Park,John,5,"The lake water looks dirty, not well-maintained."
Seven Mile Creek Park,Ethan,1,Nice place but parking is limited.
Seven Mile Creek Park,Lucas,5,"The playground needs an upgrade, some equipment is broken."
Seven Mile Creek Park,Olivia,5,Hard to find parking during peak hours.
Seven Mile Creek Park,Ethan,1,Perfect for a date or casual walk.
Seven Mile Creek Park,Mia,5,Water fountains are broken or missing.
Seven Mile Creek Park,Ethan,5,Fantastic running trails!
Seven Mile Creek Park,Henry,3,Hard to find parking during peak hours.
Seven Mile Creek Park,James,5,A peaceful getaway not too far from town.
Seven Mile Creek Park,Benjamin,4,"Signage could be improved, hard to navigate."
Seven Mile Creek Park,Alexander,4,"Too noisy, not as peaceful as expected."
Seven Mile Creek Park,Emma,1,Great spot for yoga in the mornings.
Seven Mile Creek Park,Amelia,4,The sunset view here is stunning!
Seven Mile Creek Park,Benjamin,5,The playground is fun for kids.
Seven Mile Creek Park,Elijah,1,Too many unleashed dogs running around.
Seven Mile Creek Park,Mia,2,Hard to find parking during peak hours.
Seven Mile Creek Park,Ava,3,Not enough seating areas.
Seven Mile Creek Park,Charlotte,1,Friendly people and a relaxing atmosphere.
Seven Mile Creek Park,Henry,4,Not enough space for larger group gatherings.
Seven Mile Creek Park,Alexander,3,More trash cans would help keep it cleaner.
Seven Mile Creek Park,Alexander,2,Nice open fields for playing sports.
Seven Mile Creek Park,Sophia,1,The restrooms need more maintenance.
Seven Mile Creek Park,Alexander,2,"The park is huge, lots to explore!"
Seven Mile Creek Park,Amelia,3,One of the best parks I’ve visited!
Seven Mile Creek Park,Lucas,3,The park can get muddy after rain.
Seven Mile Creek Park,Emily,1,"The playground needs an upgrade, some equipment is broken."
Seven Mile Creek Park,Charlotte,2,The playground is fun for kids.
Seven Mile Creek Park,Ethan,3,Beautiful and peaceful place!
Seven Mile Creek Park,Noah,4,The trees provide great shade on hot days.
Seven Mile Creek Park,Michael,2,"Lots of wildlife, great for bird watchers."
Seven Mile Creek Park,Abigail,4,It’s a great place to meditate and reflect.
Seven Mile Creek Park,William,1,Great for a morning jog.
Seven Mile Creek Park,Noah,2,Beautiful and peaceful place!
Seven Mile Creek Park,Ethan,1,Perfect for picnics with family.
Seven Mile Creek Park,Charlotte,3,Best place for an afternoon stroll.
Seven Mile Creek Park,Noah,3,Loved the walking paths!
Seven Mile Creek Park,Amelia,2,The picnic tables are old and worn down.
Seven Mile Creek Park,Benjamin,3,Perfect for picnics with family.
Antioch Park,Lucas,2,Love coming here to read and relax.
Antioch Park,John,4,Great place for biking and running!
Antioch Park,Ava,2,"Bugs everywhere, bring lots of repellent."
Antioch Park,Michael,2,Great place for biking and running!
Antioch Park,Ethan,3,My kids love playing here!
Antioch Park,Emma,1,The staff does a great job maintaining the park.
Antioch Park,Alexander,4,"Too many mosquitoes, hard to enjoy."
Antioch Park,Liam,1,"Signage could be improved, hard to navigate."
Antioch Park,Emma,1,Hard to find parking during peak hours.
Antioch Park,Lucas,5,Feels safe and well-lit at night.
Antioch Park,Amelia,1,Amazing trails and scenery!
Antioch Park,Isabella,2,It’s a great place to meditate and reflect.
Antioch Park,Michael,4,Not a lot of activities for kids.
Antioch Park,Amelia,3,Perfect for a date or casual walk.
Antioch Park,Ella,1,The playground is fun for kids.
Antioch Park,Amelia,2,A wonderful hidden gem in the city!
Antioch Park,Amelia,5,Some trails are overgrown and not well-maintained.
Antioch Park,Emma,3,A little crowded on weekends.
Antioch Park,Liam,3,Could use better lighting at night.
Antioch Park,Emily,2,The picnic tables are old and worn down.
Antioch Park,Emily,3,"Lots of wildlife, great for bird watchers."
Antioch Park,James,2,"Signage could be improved, hard to navigate."
Antioch Park,Liam,1,Hard to find parking during peak hours.
Antioch Park,Amelia,2,More trash cans would help keep it cleaner.
Antioch Park,William,5,"Too many mosquitoes, hard to enjoy."
Antioch Park,Ava,5,"Bugs everywhere, bring lots of repellent."
Antioch Park,Sophia,1,The park can get muddy after rain.
Antioch Park,Elijah,1,Would be better if there were more trees for shade.
Antioch Park,Sophia,4,Great for a morning jog.
Antioch Park,Ethan,5,One of the best parks I’ve visited!
Antioch Park,Alice,4,"Too noisy, not as peaceful as expected."
Antioch Park,Amelia,2,A peaceful getaway not too far from town.
Antioch Park,Evelyn,2,The staff does a great job maintaining the park.
Antioch Park,Amelia,3,Wish they had more food vendors.
Antioch Park,John,5,Very clean and safe environment.
Antioch Park,Michael,4,Water fountains are broken or missing.
Antioch Park,Sophia,5,My kids love playing here!
Antioch Park,Sophia,1,Needs more shaded areas for hot days.
Antioch Park,Emily,2,The park can get muddy after rain.
Antioch Park,Michael,4,"Some areas feel unsafe, needs better security."
Antioch Park,Noah,4,Fantastic running trails!
Antioch Park,Alexander,3,"Signage could be improved, hard to navigate."
Antioch Park,William,2,"Lots of wildlife, great for bird watchers."
Antioch Park,Sophia,5,Not a lot of activities for kids.
Antioch Park,Noah,1,"Some areas feel unsafe, needs better security."
Antioch Park,James,5,Amazing trails and scenery!
Antioch Park,Ava,4,It’s a great place to meditate and reflect.
Antioch Park,Elijah,5,Lots of friendly people walking their dogs.
Antioch Park,Daniel,1,Friendly people and a relaxing atmosphere.
Antioch Park,Daniel,3,Very clean and safe environment.
Hamilton Creek Park,Daniel,4,A little crowded on weekends.
Hamilton Creek Park,Noah,3,A peaceful getaway not too far from town.
Hamilton Creek Park,Henry,3,Fantastic running trails!
Hamilton Creek Park,Alexander,4,"Some areas feel unsafe, needs better security."
Hamilton Creek Park,John,4,A little crowded on weekends.
Hamilton Creek Park,Alexander,5,Too many unleashed dogs running around.
Hamilton Creek Park,James,1,Perfect for a date or casual walk.
Hamilton Creek Park,Abigail,3,More trash cans would help keep it cleaner.
Hamilton Creek Park,Ella,1,Needs more shaded areas for hot days.
Hamilton Creek Park,Liam,3,Nice place but could use better maintenance.
Hamilton Creek Park,Mia,4,Great place for biking and running!
Hamilton Creek Park,Lucas,4,Very clean and safe environment.
Hamilton Creek Park,Evelyn,2,The park can get muddy after rain.
Hamilton Creek Park,Amelia,3,Would be better if there were more trees for shade.
Hamilton Creek Park,Liam,5,Too many unleashed dogs running around.
Hamilton Creek Park,Emily,4,Fantastic running trails!
Hamilton Creek Park,Elijah,1,Feels safe and well-lit at night.
Hamilton Creek Park,Lucas,1,"The playground needs an upgrade, some equipment is broken."
Hamilton Creek Park,Mia,2,More trash cans would help keep it cleaner.
Hamilton Creek Park,Emma,3,More trash cans would help keep it cleaner.
Hamilton Creek Park,Evelyn,2,Best place for an afternoon stroll.
Hamilton Creek Park,Evelyn,5,Best place for an afternoon stroll.
Hamilton Creek Park,James,2,Loved the walking paths!
Hamilton Creek Park,Alexander,1,Not enough seating areas.
Hamilton Creek Park,Alice,5,Nice place but parking is limited.
Hamilton Creek Park,Mia,1,"The lake water looks dirty, not well-maintained."
Hamilton Creek Park,Lucas,3,Wish they had more food vendors.
Hamilton Creek Park,Elijah,5,"Too many mosquitoes, hard to enjoy."
Hamilton Creek Park,Ethan,3,Friendly people and a relaxing atmosphere.
Hamilton Creek Park,Elijah,1,"Too noisy, not as peaceful as expected."
Hamilton Creek Park,Sophia,5,Lots of friendly people walking their dogs.
Hamilton Creek Park,Alexander,2,"Bugs everywhere, bring lots of repellent."
Hamilton Creek Park,Henry,4,The sunset view here is stunning!
Hamilton Creek Park,Ava,1,"Some areas feel unsafe, needs better security."
Hamilton Creek Park,Liam,2,The restrooms need more maintenance.
Hamilton Creek Park,James,2,The park can get muddy after rain.
Hamilton Creek Park,William,4,Nice open fields for playing sports.
Hamilton Creek Park,John,3,"The playground needs an upgrade, some equipment is broken."
Hamilton Creek Park,Ella,4,Lots of friendly people walking their dogs.
Hamilton Creek Park,Noah,1,Fantastic running trails!
Hamilton Creek Park,Evelyn,1,One of the best parks I’ve visited!
Hamilton Creek Park,Emily,2,The sunset view here is stunning!
Hamilton Creek Park,Evelyn,1,The restrooms need more maintenance.
Hamilton Creek Park,Lucas,3,The sunset view here is stunning!
Hamilton Creek Park,Liam,2,Great spot for yoga in the mornings.
Hamilton Creek Park,Alexander,5,The sunset view here is stunning!
Hamilton Creek Park,Henry,3,Perfect for picnics with family.
Hamilton Creek Park,Ethan,5,A peaceful getaway not too far from town.
Hamilton Creek Park,John,5,Would be better if there were more trees for shade.
Hamilton Creek Park,James,5,Very clean and safe environment.
